ConsoleKit-devel,pkgconfig(ck-connector)
GConf-dbus-devel,pkgconfig(gconf-2.0)
ImageMagick-c++-devel,pkgconfig(ImageMagick++)
ImageMagick-c++-devel,pkgconfig(Magick++)
ImageMagick-devel,pkgconfig(ImageMagick)
ImageMagick-devel,pkgconfig(MagickCore)
ImageMagick-devel,pkgconfig(MagickWand)
ImageMagick-devel,pkgconfig(Wand)
ORBit2-devel,pkgconfig(ORBit-2.0)
ORBit2-devel,pkgconfig(ORBit-CosNaming-2.0)
ORBit2-devel,pkgconfig(ORBit-idl-2.0)
ORBit2-devel,pkgconfig(ORBit-imodule-2.0)
OpenCV-devel,pkgconfig(opencv)
OpenEXR-devel,pkgconfig(OpenEXR)
PackageKit-glib-devel,pkgconfig(packagekit-glib2)
PackageKit-qt-devel,pkgconfig(packagekit-qt)
SDL-devel,pkgconfig(sdl)
SDL_Pango-devel,pkgconfig(SDL_Pango)
SDL_gfx-devel,pkgconfig(SDL_gfx)
SDL_image-devel,pkgconfig(SDL_image)
SDL_mixer-devel,pkgconfig(SDL_mixer)
WebKit-gtk-devel,pkgconfig(webkit-1.0)
WiMAX-Network-Service-devel,pkgconfig(libiWmxSdk-0)
aiksaurus-devel,pkgconfig(aiksaurus-1.0)
aiksaurus-devel,pkgconfig(gaiksaurus-1.0)
alsa-lib-devel,pkgconfig(alsa)
anerley-devel,pkgconfig(anerley)
anjuta-devel,pkgconfig(libanjuta-1.0)
anthy-devel,pkgconfig(anthy)
apr-devel,pkgconfig(apr-1)
apr-util-devel,pkgconfig(apr-util-1)
art-sharp2,pkgconfig(art-sharp-2.0)
aspell-devel,pkgconfig(aspell)
at-spi-devel,pkgconfig(cspi-1.0)
at-spi-devel,pkgconfig(libloginhelper-1.0)
at-spi-devel,pkgconfig(libspi-1.0)
atk-devel,pkgconfig(atk)
attica-devel,pkgconfig(libattica)
audiofile-devel,pkgconfig(audiofile)
augeas-devel,pkgconfig(augeas)
autogen-devel,pkgconfig(autoopts)
autotrace-devel,pkgconfig(autotrace)
avahi-compat-howl-devel,pkgconfig(avahi-compat-howl)
avahi-compat-howl-devel,pkgconfig(howl)
avahi-compat-libdns_sd-devel,pkgconfig(avahi-compat-libdns_sd)
avahi-compat-libdns_sd-devel,pkgconfig(libdns_sd)
avahi-devel,pkgconfig(avahi-client)
avahi-devel,pkgconfig(avahi-core)
avahi-glib-devel,pkgconfig(avahi-glib)
avahi-gobject-devel,pkgconfig(avahi-gobject)
avahi-ui-devel,pkgconfig(avahi-ui)
babl-devel,pkgconfig(babl)
banshee-1-devel,pkgconfig(banshee-1-collection-indexer)
banshee-1-devel,pkgconfig(banshee-1-core)
banshee-1-devel,pkgconfig(banshee-1-hyena)
banshee-1-devel,pkgconfig(banshee-1-hyena-data-sqlite)
banshee-1-devel,pkgconfig(banshee-1-hyena-gui)
banshee-1-devel,pkgconfig(banshee-1-lastfm)
banshee-1-devel,pkgconfig(banshee-1-lastfm-gui)
banshee-1-devel,pkgconfig(banshee-1-mono-media)
banshee-1-devel,pkgconfig(banshee-1-musicbrainz)
banshee-1-devel,pkgconfig(banshee-1-nowplaying)
banshee-1-devel,pkgconfig(banshee-1-services)
banshee-1-devel,pkgconfig(banshee-1-thickclient)
bickley-devel,pkgconfig(bickley-0.4)
bind-devel,pkgconfig(libbind)
bisho-devel,pkgconfig(bisho)
bluez-libs-devel,pkgconfig(bluez)
bognor-regis-devel,pkgconfig(bognor-regis-0.6)
brasero-devel,pkgconfig(libbrasero-burn)
brasero-devel,pkgconfig(libbrasero-media)
bugle-devel,pkgconfig(bugle)
buteo-sync-plugins-devel,pkgconfig(syncmlcommon)
buteo-syncfw-devel,pkgconfig(synccommon)
buteo-syncfw-devel,pkgconfig(syncfwclient)
buteo-syncfw-devel,pkgconfig(syncpluginmgr)
buteo-syncfw-devel,pkgconfig(syncprofile)
buteo-syncml-devel,pkgconfig(meegosyncml)
c-ares-devel,pkgconfig(libcares)
cairo-devel,pkgconfig(cairo)
cairo-devel,pkgconfig(cairo-fc)
cairo-devel,pkgconfig(cairo-ft)
cairo-devel,pkgconfig(cairo-gl)
cairo-devel,pkgconfig(cairo-glx)
cairo-devel,pkgconfig(cairo-gobject)
cairo-devel,pkgconfig(cairo-pdf)
cairo-devel,pkgconfig(cairo-png)
cairo-devel,pkgconfig(cairo-ps)
cairo-devel,pkgconfig(cairo-svg)
cairo-devel,pkgconfig(cairo-xlib)
cairo-devel,pkgconfig(cairo-xlib-xrender)
cairomm-devel,pkgconfig(cairomm-1.0)
cairomm-devel,pkgconfig(cairomm-ft-1.0)
cairomm-devel,pkgconfig(cairomm-pdf-1.0)
cairomm-devel,pkgconfig(cairomm-png-1.0)
cairomm-devel,pkgconfig(cairomm-ps-1.0)
cairomm-devel,pkgconfig(cairomm-svg-1.0)
cairomm-devel,pkgconfig(cairomm-xlib-1.0)
check-devel,pkgconfig(check)
cheese-devel,pkgconfig(cheese-gtk)
clean-device-devel,pkgconfig(clean-device)
clutter-box2d-devel,pkgconfig(clutter-box2d-0.10)
clutter-devel,pkgconfig(cally-1.0)
clutter-devel,pkgconfig(clutter-1.0)
clutter-devel,pkgconfig(clutter-glx-1.0)
clutter-devel,pkgconfig(clutter-x11-1.0)
clutter-devel,pkgconfig(cogl-1.0)
clutter-devel,pkgconfig(cogl-gl-1.0)
clutter-gesture-devel,pkgconfig(clutter-gesture)
clutter-gst-devel,pkgconfig(clutter-gst-1.0)
clutter-gtk-devel,pkgconfig(clutter-gtk-0.12)
clutter-imcontext-devel,pkgconfig(clutter-imcontext-0.1)
compat-telepathy-qt4-devel,pkgconfig(TelepathyQt4)
compat-telepathy-qt4-farsight-devel,pkgconfig(TelepathyQt4Farsight)
connman-devel,pkgconfig(connman)
connman-qt-devel,pkgconfig(connman-qt4)
contactsd-devel,pkgconfig(contactsd-1.0)
contextkit-devel,pkgconfig(contextprovider-1.0)
contextkit-devel,pkgconfig(contextsubscriber-1.0)
cppunit-devel,pkgconfig(cppunit)
cryptsetup-luks-devel,pkgconfig(libcryptsetup)
ctdb-devel,pkgconfig(ctdb)
dbus-devel,pkgconfig(dbus-1)
dbus-glib-devel,pkgconfig(dbus-glib-1)
dbus-python-devel,pkgconfig(dbus-python)
devhelp-devel,pkgconfig(libdevhelp-1.0)
device-mapper-devel,pkgconfig(devmapper)
djvulibre-devel,pkgconfig(ddjvuapi)
dotconf-devel,pkgconfig(dotconf)
e2fsprogs-devel,pkgconfig(e2p)
e2fsprogs-devel,pkgconfig(ext2fs)
ecryptfs-utils-devel,pkgconfig(libecryptfs)
eggdbus-devel,pkgconfig(eggdbus-1)
enchant-devel,pkgconfig(enchant)
eog-devel,pkgconfig(eog)
esound-devel,pkgconfig(esound)
evince-devel,pkgconfig(evince-document-2.30)
evince-devel,pkgconfig(evince-view-2.30)
evolution-data-server-devel,pkgconfig(camel-1.2)
evolution-data-server-devel,pkgconfig(camel-provider-1.2)
evolution-data-server-devel,pkgconfig(evolution-data-server-1.2)
evolution-data-server-devel,pkgconfig(libebackend-1.2)
evolution-data-server-devel,pkgconfig(libebook-1.2)
evolution-data-server-devel,pkgconfig(libecal-1.2)
evolution-data-server-devel,pkgconfig(libedata-book-1.2)
evolution-data-server-devel,pkgconfig(libedata-cal-1.2)
evolution-data-server-devel,pkgconfig(libedataserver-1.2)
evolution-data-server-devel,pkgconfig(libedataserverui-1.2)
evolution-data-server-devel,pkgconfig(libegroupwise-1.2)
evolution-devel,pkgconfig(evolution-calendar)
evolution-devel,pkgconfig(evolution-mail)
evolution-devel,pkgconfig(evolution-plugin)
evolution-devel,pkgconfig(evolution-shell)
exempi-devel,pkgconfig(exempi-2.0)
exiv2-devel,pkgconfig(exiv2)
farsight2-devel,pkgconfig(farsight2-0.10)
farstream-devel,pkgconfig(farstream-0.1)
fennec-qt-devel,pkgconfig(libxul)
fennec-qt-devel,pkgconfig(libxul-embedding)
fennec-qt-devel,pkgconfig(mozilla-gtkmozembed)
fennec-qt-devel,pkgconfig(mozilla-gtkmozembed-embedding)
fennec-qt-devel,pkgconfig(mozilla-js)
fennec-qt-devel,pkgconfig(mozilla-plugin)
finch-devel,pkgconfig(finch)
finch-devel,pkgconfig(gnt)
flac-devel,pkgconfig(flac)
flac-devel,pkgconfig(flac++)
fontconfig-devel,pkgconfig(fontconfig)
fontforge-devel,pkgconfig(fontforge)
freetype-devel,pkgconfig(freetype2)
fribidi-devel,pkgconfig(fribidi)
fuse-devel,pkgconfig(fuse)
gamin-devel,pkgconfig(gamin)
gammu-devel,pkgconfig(gammu)
gammu-devel,pkgconfig(gammu-smsd)
garage-client-services-devel,pkgconfig(garage-client-services)
gc-devel,pkgconfig(bdw-gc)
gconf-sharp2,pkgconfig(gconf-sharp-2.0)
gconf-sharp2,pkgconfig(gconf-sharp-peditors-2.0)
gd-devel,pkgconfig(gdlib)
gedit-devel,pkgconfig(gedit-2.20)
gegl-devel,pkgconfig(gegl)
geoclue-devel,pkgconfig(geoclue)
gimp-devel,pkgconfig(gimp-2.0)
gimp-devel,pkgconfig(gimpthumb-2.0)
gimp-devel,pkgconfig(gimpui-2.0)
glade-sharp2,pkgconfig(glade-sharp-2.0)
glade3-libgladeui-devel,pkgconfig(gladeui-1.0)
glew-devel,pkgconfig(glew)
glib-sharp2,pkgconfig(glib-sharp-2.0)
glib2-devel,pkgconfig(gio-2.0)
glib2-devel,pkgconfig(gio-unix-2.0)
glib2-devel,pkgconfig(glib-2.0)
glib2-devel,pkgconfig(gmodule-2.0)
glib2-devel,pkgconfig(gmodule-export-2.0)
glib2-devel,pkgconfig(gmodule-no-export-2.0)
glib2-devel,pkgconfig(gobject-2.0)
glib2-devel,pkgconfig(gthread-2.0)
glibmm-devel,pkgconfig(giomm-2.4)
glibmm-devel,pkgconfig(glibmm-2.4)
gmime-devel,pkgconfig(gmime-2.6)
gnet2-devel,pkgconfig(gnet-2.0)
gnome-bluetooth-libs-devel,pkgconfig(gnome-bluetooth-1.0)
gnome-control-center-netbook-devel,pkgconfig(gnome-keybindings)
gnome-control-center-netbook-devel,pkgconfig(gnome-window-settings-2.0)
gnome-control-center-netbook-devel,pkgconfig(libgnome-control-center-extension)
gnome-desktop-devel,pkgconfig(gnome-desktop-2.0)
gnome-disk-utility-devel,pkgconfig(gdu)
gnome-disk-utility-ui-devel,pkgconfig(gdu-gtk)
gnome-doc-utils-stylesheets,pkgconfig(gnome-doc-utils)
gnome-doc-utils-stylesheets,pkgconfig(xml2po)
gnome-icon-theme,pkgconfig(gnome-icon-theme)
gnome-keyring-devel,pkgconfig(gcr-0)
gnome-keyring-devel,pkgconfig(gp11-0)
gnome-media-devel,pkgconfig(gnome-media-profiles)
gnome-menus-devel,pkgconfig(libgnome-menu)
gnome-mime-data,pkgconfig(gnome-mime-data-2.0)
gnome-panel-devel,pkgconfig(libpanelapplet-2.0)
gnome-python2-desktop,pkgconfig(gnome-python-desktop-2.0)
gnome-python2-devel,pkgconfig(gnome-python-2.0)
gnome-screensaver,pkgconfig(gnome-screensaver)
gnome-settings-daemon-devel,pkgconfig(gnome-settings-daemon)
gnome-sharp2,pkgconfig(gnome-sharp-2.0)
gnome-utils-devel,pkgconfig(gdict-1.0)
gnome-vfs-sharp2,pkgconfig(gnome-vfs-sharp-2.0)
gnome-vfs2-devel,pkgconfig(gnome-vfs-2.0)
gnome-vfs2-devel,pkgconfig(gnome-vfs-module-2.0)
gnumeric-devel,pkgconfig(libspreadsheet-1.10)
gnutls-devel,pkgconfig(gnutls)
goffice-devel,pkgconfig(libgoffice-0.8)
google-gadgets-devel,pkgconfig(libggadget-1.0)
google-gadgets-devel,pkgconfig(libggadget-dbus-1.0)
google-gadgets-devel,pkgconfig(libggadget-gtk-1.0)
google-gadgets-devel,pkgconfig(libggadget-js-1.0)
google-gadgets-devel,pkgconfig(libggadget-npapi-1.0)
google-gadgets-devel,pkgconfig(libggadget-xdg-1.0)
gpsd-devel,pkgconfig(libgps)
gpsd-devel,pkgconfig(libgpsd)
graphviz-devel,pkgconfig(libcdt)
graphviz-devel,pkgconfig(libcgraph)
graphviz-devel,pkgconfig(libgraph)
graphviz-devel,pkgconfig(libgvc)
graphviz-devel,pkgconfig(libgvpr)
graphviz-devel,pkgconfig(libpathplan)
graphviz-devel,pkgconfig(libxdot)
grilo-devel,pkgconfig(grilo-0.1)
grilo-devel,pkgconfig(grilo-net-0.1)
gsl-devel,pkgconfig(gsl)
gssdp-devel,pkgconfig(gssdp-1.0)
gst-plugins-bad-free-devel,pkgconfig(gstreamer-plugins-bad-free-0.10)
gst-plugins-base-devel,pkgconfig(gstreamer-app-0.10)
gst-plugins-base-devel,pkgconfig(gstreamer-audio-0.10)
gst-plugins-base-devel,pkgconfig(gstreamer-cdda-0.10)
gst-plugins-base-devel,pkgconfig(gstreamer-fft-0.10)
gst-plugins-base-devel,pkgconfig(gstreamer-floatcast-0.10)
gst-plugins-base-devel,pkgconfig(gstreamer-interfaces-0.10)
gst-plugins-base-devel,pkgconfig(gstreamer-netbuffer-0.10)
gst-plugins-base-devel,pkgconfig(gstreamer-pbutils-0.10)
gst-plugins-base-devel,pkgconfig(gstreamer-plugins-base-0.10)
gst-plugins-base-devel,pkgconfig(gstreamer-riff-0.10)
gst-plugins-base-devel,pkgconfig(gstreamer-rtp-0.10)
gst-plugins-base-devel,pkgconfig(gstreamer-rtsp-0.10)
gst-plugins-base-devel,pkgconfig(gstreamer-sdp-0.10)
gst-plugins-base-devel,pkgconfig(gstreamer-tag-0.10)
gst-plugins-base-devel,pkgconfig(gstreamer-video-0.10)
gst-plugins-camera-devel,pkgconfig(gstreamer-nokia-videosrc-0.10)
gst-v4l2-camsrc-devel,pkgconfig(gstreamer-atomisphal-0.10)
gst-v4l2-camsrc-devel,pkgconfig(gstreamer-mfld-videosrc-0.10)
gst-vabuffer-devel,pkgconfig(gst-vabuffer)
gstreamer-devel,pkgconfig(gstreamer-0.10)
gstreamer-devel,pkgconfig(gstreamer-base-0.10)
gstreamer-devel,pkgconfig(gstreamer-check-0.10)
gstreamer-devel,pkgconfig(gstreamer-controller-0.10)
gstreamer-devel,pkgconfig(gstreamer-dataprotocol-0.10)
gstreamer-devel,pkgconfig(gstreamer-net-0.10)
gstreamer-editing-services-devel,pkgconfig(gst-editing-services-0.10)
gstreamer-python-devel,pkgconfig(gst-python-0.10)
gtk-doc,pkgconfig(gtk-doc)
gtk-sharp2,pkgconfig(gtk-dotnet-2.0)
gtk-sharp2,pkgconfig(gtk-sharp-2.0)
gtk-sharp2-gapi,pkgconfig(gapi-2.0)
gtk2-devel,pkgconfig(gail)
gtk2-devel,pkgconfig(gdk-2.0)
gtk2-devel,pkgconfig(gdk-pixbuf-2.0)
gtk2-devel,pkgconfig(gdk-pixbuf-xlib-2.0)
gtk2-devel,pkgconfig(gdk-x11-2.0)
gtk2-devel,pkgconfig(gtk+-2.0)
gtk2-devel,pkgconfig(gtk+-unix-print-2.0)
gtk2-devel,pkgconfig(gtk+-x11-2.0)
gtk2-engines-devel,pkgconfig(gtk-engines-2)
gtkglext-devel,pkgconfig(gdkglext-1.0)
gtkglext-devel,pkgconfig(gdkglext-x11-1.0)
gtkglext-devel,pkgconfig(gtkglext-1.0)
gtkglext-devel,pkgconfig(gtkglext-x11-1.0)
gtkhtml3-devel,pkgconfig(gtkhtml-editor)
gtkhtml3-devel,pkgconfig(libgtkhtml-3.14)
gtkmathview-devel,pkgconfig(gtkmathview-custom-reader)
gtkmathview-devel,pkgconfig(gtkmathview-libxml2)
gtkmathview-devel,pkgconfig(gtkmathview-libxml2-reader)
gtkmathview-devel,pkgconfig(mathview-backend-gtk)
gtkmathview-devel,pkgconfig(mathview-backend-ps)
gtkmathview-devel,pkgconfig(mathview-backend-svg)
gtkmathview-devel,pkgconfig(mathview-core)
gtkmathview-devel,pkgconfig(mathview-frontend-custom-reader)
gtkmathview-devel,pkgconfig(mathview-frontend-libxml2)
gtkmathview-devel,pkgconfig(mathview-frontend-libxml2-reader)
gtkmm-devel,pkgconfig(atkmm-1.6)
gtkmm-devel,pkgconfig(gdkmm-2.4)
gtkmm-devel,pkgconfig(gtkmm-2.4)
gtksourceview2-devel,pkgconfig(gtksourceview-2.0)
gtkspell-devel,pkgconfig(gtkspell-2.0)
guile-devel,pkgconfig(guile-1.8)
gupnp-av-devel,pkgconfig(gupnp-av-1.0)
gupnp-devel,pkgconfig(gupnp-1.0)
gupnp-dlna-devel,pkgconfig(gupnp-dlna-1.0)
gupnp-igd-devel,pkgconfig(gupnp-igd-1.0)
gupnp-ui-devel,pkgconfig(gupnp-ui-1.0)
gupnp-vala,pkgconfig(gupnp-vala-1.0)
gwenhywfar-devel,pkgconfig(gwenhywfar)
gypsy-devel,pkgconfig(gypsy)
hunspell-devel,pkgconfig(hunspell)
icon-naming-utils,pkgconfig(icon-naming-utils)
ilmbase-devel,pkgconfig(IlmBase)
iptables-devel,pkgconfig(libiptc)
iptables-devel,pkgconfig(xtables)
iso-codes-devel,pkgconfig(iso-codes)
jana-devel,pkgconfig(libjana)
jana-devel,pkgconfig(libjana-ecal)
jana-devel,pkgconfig(libjana-gtk)
json-c-devel,pkgconfig(json)
json-glib-devel,pkgconfig(json-glib-1.0)
kcalcore-devel,pkgconfig(libkcalcoren)
lcms-devel,pkgconfig(lcms)
libCI-devel,pkgconfig(libci)
libICE-devel,pkgconfig(ice)
libIDL-devel,pkgconfig(libIDL-2.0)
libSM-devel,pkgconfig(sm)
libX11-devel,pkgconfig(x11)
libX11-devel,pkgconfig(x11-xcb)
libXScrnSaver-devel,pkgconfig(xscrnsaver)
libXTrap-devel,pkgconfig(xtrap)
libXau-devel,pkgconfig(xau)
libXaw-compat,pkgconfig(xaw6)
libXaw-devel,pkgconfig(xaw7)
libXcomposite-devel,pkgconfig(xcomposite)
libXcursor-devel,pkgconfig(xcursor)
libXdamage-devel,pkgconfig(xdamage)
libXdmcp-devel,pkgconfig(xdmcp)
libXevie-devel,pkgconfig(xevie)
libXext-devel,pkgconfig(xext)
libXfixes-devel,pkgconfig(xfixes)
libXfont-devel,pkgconfig(xfont)
libXfontcache-devel,pkgconfig(xfontcache)
libXft-devel,pkgconfig(xft)
libXi-devel,pkgconfig(xi)
libXinerama-devel,pkgconfig(xinerama)
libXmu-devel,pkgconfig(xmu)
libXmu-devel,pkgconfig(xmuu)
libXpm-devel,pkgconfig(xpm)
libXrandr-devel,pkgconfig(xrandr)
libXrender-devel,pkgconfig(xrender)
libXres-devel,pkgconfig(xres)
libXt-devel,pkgconfig(xt)
libXtst-devel,pkgconfig(xtst)
libXv-devel,pkgconfig(xv)
libXvMC-devel,pkgconfig(xvmc)
libXxf86dga-devel,pkgconfig(xxf86dga)
libXxf86misc-devel,pkgconfig(xxf86misc)
libXxf86vm-devel,pkgconfig(xxf86vm)
libabiword-devel,pkgconfig(abiword-2.8)
libaccounts-glib-devel,pkgconfig(libaccounts-glib)
libaccounts-qt-devel,pkgconfig(accounts-qt)
libaccounts-ui-devel,pkgconfig(AccountPlugin)
libao-devel,pkgconfig(ao)
libarchive-devel,pkgconfig(libarchive)
libart_lgpl-devel,pkgconfig(libart-2.0)
libasyncns-devel,pkgconfig(libasyncns)
libatasmart-devel,pkgconfig(libatasmart)
libblkid-devel,pkgconfig(blkid)
libbluez-qt-devel,pkgconfig(bluez-qt)
libbonobo-devel,pkgconfig(bonobo-activation-2.0)
libbonobo-devel,pkgconfig(libbonobo-2.0)
libbonoboui-devel,pkgconfig(libbonoboui-2.0)
libburn-devel,pkgconfig(libburn-1)
libcanberra-devel,pkgconfig(libcanberra)
libcanberra-devel,pkgconfig(libcanberra-gtk)
libcap-ng-devel,pkgconfig(libcap-ng)
libchamplain-devel,pkgconfig(champlain-0.8)
libchamplain-devel,pkgconfig(champlain-gtk-0.8)
libchamplain-gtk-devel,pkgconfig(champlain-gtk-0.8)
libchewing-devel,pkgconfig(chewing)
libcmtspeech-ifx-devel,pkgconfig(libcmtspeech-ifx)
libcom_err-devel,pkgconfig(com_err)
libcommhistory-devel,pkgconfig(commhistory)
libcontentaction-devel,pkgconfig(contentaction-0.1)
libcqpid-devel,pkgconfig(libcqpid)
libcroco-devel,pkgconfig(libcroco-0.6)
libcubi-devel,pkgconfig(cubi-0.1)
libcubi-tracker-ontologies-devel,pkgconfig(cubi-0.1-tracker-0.10-ontologies)
libcurl-devel,pkgconfig(libcurl)
libdaemon-devel,pkgconfig(libdaemon)
libdbus-c++-devel,pkgconfig(dbus-c++-1)
libdbus-qeventloop-devel,pkgconfig(libdbus-qeventloop1)
libdiscid-devel,pkgconfig(libdiscid)
libdmx-devel,pkgconfig(dmx)
libdres-devel,pkgconfig(libdres)
libdrm-devel,pkgconfig(libdrm)
libdrm-devel,pkgconfig(libdrm_intel)
libdrm-devel,pkgconfig(libdrm_radeon)
libdrm-devel,pkgconfig(libkms)
libdsme-devel,pkgconfig(dsme)
libdsme-devel,pkgconfig(dsme_dbus_if)
libdsme-devel,pkgconfig(thermalmanager_dbus_if)
libeap0-devel,pkgconfig(libeap0)
libedit-devel,pkgconfig(libedit)
libeigen2-devel,pkgconfig(eigen2)
libenca-devel,pkgconfig(enca)
libexif-devel,pkgconfig(libexif)
libfakekey-devel,pkgconfig(libfakekey)
libffi-devel,pkgconfig(libffi)
libfontenc-devel,pkgconfig(fontenc)
libfprint-devel,pkgconfig(libfprint)
libgail-gnome-devel,pkgconfig(libgail-gnome)
libgcrypt-devel,pkgconfig(libgcrypt)
libgcrypt-devel,pkgconfig(libgpg-error)
libgda-devel,pkgconfig(libgda-4.0)
libgda-devel,pkgconfig(libgda-bdb-4.0)
libgda-devel,pkgconfig(libgda-report-4.0)
libgda-devel,pkgconfig(libgda-xslt-4.0)
libgda-sqlite-devel,pkgconfig(libgda-sqlite-4.0)
libgdata-devel,pkgconfig(libgdata)
libgdbus-devel,pkgconfig(gdbus)
libgdiplus0-devel,pkgconfig(libgdiplus)
libgdl-devel,pkgconfig(gdl-1.0)
libgee-devel,pkgconfig(gee-1.0)
libggz-devel,pkgconfig(libggz)
libglade2-devel,pkgconfig(libglade-2.0)
libglademm-devel,pkgconfig(libglademm-2.4)
libgnome-devel,pkgconfig(libgnome-2.0)
libgnome-keyring-devel,pkgconfig(gnome-keyring-1)
libgnomecanvas-devel,pkgconfig(libgnomecanvas-2.0)
libgnomecups-devel,pkgconfig(libgnomecups-1.0)
libgnomekbd-devel,pkgconfig(libgnomekbd)
libgnomekbd-devel,pkgconfig(libgnomekbdui)
libgnomeprint22-devel,pkgconfig(libgnomeprint-2.2)
libgnomeprintui22-devel,pkgconfig(libgnomeprintui-2.2)
libgnomeui-devel,pkgconfig(libgnomeui-2.0)
libgphoto2-devel,pkgconfig(libgphoto2)
libgphoto2-devel,pkgconfig(libgphoto2_port)
libgrilo-devel,pkgconfig(grilo-0.2)
libgrilo-devel,pkgconfig(grilo-net-0.2)
libgsf-devel,pkgconfig(libgsf-1)
libgtop2-devel,pkgconfig(libgtop-2.0)
libgudev1-devel,pkgconfig(gudev-1.0)
libgweather-devel,pkgconfig(gweather)
libhangul-devel,pkgconfig(libhangul)
libical-devel,pkgconfig(libical)
libicu-devel,pkgconfig(icu-i18n)
libicu-devel,pkgconfig(icu-io)
libicu-devel,pkgconfig(icu-le)
libicu-devel,pkgconfig(icu-lx)
libicu-devel,pkgconfig(icu-uc)
libid3tag-devel,pkgconfig(id3tag)
libidn-devel,pkgconfig(libidn)
libiphb-devel,pkgconfig(libiphb)
libiptcdata-devel,pkgconfig(libiptcdata)
libisofs-devel,pkgconfig(libisofs-1)
libjingle-devel,pkgconfig(jinglebase-0.3)
libjingle-devel,pkgconfig(jinglep2p-0.3)
libmaliit-devel,pkgconfig(maliit-1.0)
libmaliit-quick-devel,pkgconfig(maliit-plugins-quick-0.80)
libmatchbox-devel,pkgconfig(libmb)
libmdatauri-devel,pkgconfig(mdatauri)
libmediaoverridesqt-devel,pkgconfig(libmediaoverridesqt1)
libmeegochat-devel,pkgconfig(libmeegochat)
libmeegocontrolpanel-devel,pkgconfig(duicontrolpanel)
libmeegocontrolpanel-devel,pkgconfig(meegotouch-controlpanel)
libmeegotouch-devel,pkgconfig(meegotouch)
libmeegotouch-devel,pkgconfig(meegotouch-boostable)
libmeegotouch-devel,pkgconfig(meegotouchcore)
libmeegotouch-devel,pkgconfig(meegotouchsettings)
libmlocale-devel,pkgconfig(mlocale)
libmtp-devel,pkgconfig(libmtp)
libngf-devel,pkgconfig(libngf0)
libngf-qt-devel,pkgconfig(ngf-qt)
libnice-devel,pkgconfig(nice)
libnl-devel,pkgconfig(libnl-1)
libnotify-devel,pkgconfig(libnotify)
liboauth-devel,pkgconfig(oauth)
libofono-qt-devel,pkgconfig(ofono-qt)
libofx-devel,pkgconfig(libofx)
libogg-devel,pkgconfig(ogg)
liboil-devel,pkgconfig(liboil-0.3)
libopenraw-devel,pkgconfig(libopenraw-1.0)
libopenraw-gnome-devel,pkgconfig(libopenraw-gnome-1.0)
libopensync-devel,pkgconfig(opensync-1.0)
libpciaccess-devel,pkgconfig(pciaccess)
libphonon-devel,pkgconfig(phonon)
libpng-devel,pkgconfig(libpng)
libpng-devel,pkgconfig(libpng12)
libprolog-devel,pkgconfig(libprolog)
libpthread-stubs,pkgconfig(pthread-stubs)
libpublishwidgets-devel,pkgconfig(publish-widgets)
libpurple-devel,pkgconfig(purple)
libqofono-devel,pkgconfig(qofono)
libqt-devel,pkgconfig(QtCLucene)
libqt-devel,pkgconfig(QtCore)
libqt-devel,pkgconfig(QtDBus)
libqt-devel,pkgconfig(QtDeclarative)
libqt-devel,pkgconfig(QtDesigner)
libqt-devel,pkgconfig(QtDesignerComponents)
libqt-devel,pkgconfig(QtGui)
libqt-devel,pkgconfig(QtHelp)
libqt-devel,pkgconfig(QtNetwork)
libqt-devel,pkgconfig(QtScript)
libqt-devel,pkgconfig(QtScriptTools)
libqt-devel,pkgconfig(QtSql)
libqt-devel,pkgconfig(QtSvg)
libqt-devel,pkgconfig(QtTest)
libqt-devel,pkgconfig(QtUiTools)
libqt-devel,pkgconfig(QtXml)
libqt-devel,pkgconfig(QtXmlPatterns)
libqtopengl-devel,pkgconfig(QtMeeGoGraphicsSystemHelper)
libqtopengl-devel,pkgconfig(QtOpenGL)
libqtsparql-devel,pkgconfig(QtSparql)
libqtsparql-tracker-extensions-devel,pkgconfig(QtSparqlTrackerExtensions)
libqtsparql-tracker-extensions-devel,pkgconfig(QtSparqlTrackerLive)
libqttracker-devel,pkgconfig(qttracker)
libqtwebkit-devel,pkgconfig(QtWebKit)
libqtxdg-devel,pkgconfig(qtxdg)
libquill-devel,pkgconfig(quill)
libquillmetadata-devel,pkgconfig(quillmetadata)
libquvi-devel,pkgconfig(libquvi)
libquvi-scripts-devel,pkgconfig(libquvi-scripts)
librapi2-devel,pkgconfig(librapi2)
libresource-devel,pkgconfig(libresource)
libresource-devel,pkgconfig(libresource-glib)
libresource-devel,pkgconfig(libresource0)
libresource-devel,pkgconfig(libresource0-glib)
libresourceqt-devel,pkgconfig(libresourceqt1)
librsvg2-devel,pkgconfig(librsvg-2.0)
libsamplerate-devel,pkgconfig(samplerate)
libsexy-devel,pkgconfig(libsexy)
libshare-ui-devel,pkgconfig(share-ui-plugin)
libshare-ui-devel,pkgconfig(share-widgets)
libshiboken-devel,pkgconfig(shiboken)
libsigc++-devel,pkgconfig(sigc++-2.0)
libsignon-devel,pkgconfig(SignOnExtension)
libsignon-devel,pkgconfig(libsignon-qt)
libsignon-devel,pkgconfig(signon-plugins)
libsignon-devel,pkgconfig(signon-plugins-common)
libsignon-devel,pkgconfig(signon-saslplugin)
libsignon-devel,pkgconfig(signond)
libsignon-glib-devel,pkgconfig(libsignon-glib)
libsignoncrypto-qt-devel,pkgconfig(libsignoncrypto-qt)
libsilc-devel,pkgconfig(silc)
libsilc-devel,pkgconfig(silcclient)
libsmbclient-devel,pkgconfig(smbclient)
libsmbclient-devel,pkgconfig(smbsharemodes)
libsmbios-devel,pkgconfig(libsmbios_c)
libsndfile-devel,pkgconfig(sndfile)
libsocialweb-devel,pkgconfig(libsocialweb-client)
libsocialweb-devel,pkgconfig(libsocialweb-keyfob)
libsocialweb-devel,pkgconfig(libsocialweb-keystore)
libsocialweb-devel,pkgconfig(libsocialweb-module)
libsocialweb-qt-devel,pkgconfig(libsocialweb-qt)
libsoup-devel,pkgconfig(libsoup-2.4)
libsoup-devel,pkgconfig(libsoup-gnome-2.4)
libspectre-devel,pkgconfig(libspectre)
libss-devel,pkgconfig(ss)
libsynce-devel,pkgconfig(libsynce)
libsyncml-devel,pkgconfig(libsyncml-1.0)
libtalloc-devel,pkgconfig(talloc)
libtasn1-devel,pkgconfig(libtasn1)
libtdb-compat-devel,pkgconfig(tdb-compat)
libtdb-devel,pkgconfig(tdb)
libtelepathy-devel,pkgconfig(libtelepathy)
libthai-devel,pkgconfig(libthai)
libtheora-devel,pkgconfig(theora)
libtheora-devel,pkgconfig(theoradec)
libtheora-devel,pkgconfig(theoraenc)
libtrace-devel,pkgconfig(libsimple-trace)
libudev-devel,pkgconfig(libudev)
libudev-devel,pkgconfig(udev)
libusb-devel,pkgconfig(libusb)
libusb1-devel,pkgconfig(libusb-1.0)
libuser-devel,pkgconfig(libuser)
libuuid-devel,pkgconfig(uuid)
libv4l-devel,pkgconfig(libv4l1)
libv4l-devel,pkgconfig(libv4l2)
libv4l-devel,pkgconfig(libv4lconvert)
libva-devel,pkgconfig(libva)
libva-devel,pkgconfig(libva-egl)
libva-devel,pkgconfig(libva-glx)
libva-devel,pkgconfig(libva-tpi)
libva-devel,pkgconfig(libva-x11)
libvisual-devel,pkgconfig(libvisual-0.4)
libvorbis-devel,pkgconfig(vorbis)
libvorbis-devel,pkgconfig(vorbisenc)
libvorbis-devel,pkgconfig(vorbisfile)
libwbxml2-devel,pkgconfig(libwbxml2)
libwebupload-devel,pkgconfig(libwebupload)
libwmf-devel,pkgconfig(libwmf)
libwnck-devel,pkgconfig(libwnck-1.0)
libwpd-devel,pkgconfig(libwpd-0.8)
libwpd-devel,pkgconfig(libwpd-stream-0.8)
libwpg-devel,pkgconfig(libwpg-0.1)
libwpg-devel,pkgconfig(libwpg-stream-0.1)
libwps-devel,pkgconfig(libwps-0.1)
libwps-devel,pkgconfig(libwps-stream-0.1)
libwsbm-devel,pkgconfig(libwsbm)
libxcb-devel,pkgconfig(xcb)
libxcb-devel,pkgconfig(xcb-composite)
libxcb-devel,pkgconfig(xcb-damage)
libxcb-devel,pkgconfig(xcb-dpms)
libxcb-devel,pkgconfig(xcb-dri2)
libxcb-devel,pkgconfig(xcb-glx)
libxcb-devel,pkgconfig(xcb-randr)
libxcb-devel,pkgconfig(xcb-record)
libxcb-devel,pkgconfig(xcb-render)
libxcb-devel,pkgconfig(xcb-res)
libxcb-devel,pkgconfig(xcb-screensaver)
libxcb-devel,pkgconfig(xcb-shape)
libxcb-devel,pkgconfig(xcb-shm)
libxcb-devel,pkgconfig(xcb-sync)
libxcb-devel,pkgconfig(xcb-xevie)
libxcb-devel,pkgconfig(xcb-xf86dri)
libxcb-devel,pkgconfig(xcb-xfixes)
libxcb-devel,pkgconfig(xcb-xinerama)
libxcb-devel,pkgconfig(xcb-xprint)
libxcb-devel,pkgconfig(xcb-xtest)
libxcb-devel,pkgconfig(xcb-xv)
libxcb-devel,pkgconfig(xcb-xvmc)
libxkbfile-devel,pkgconfig(xkbfile)
libxklavier-devel,pkgconfig(libxklavier)
libxml2-devel,pkgconfig(libxml-2.0)
libxslt-devel,pkgconfig(libexslt)
libxslt-devel,pkgconfig(libxslt)
libzip-devel,pkgconfig(libzip)
libzypp-devel,pkgconfig(libzypp)
link-grammar-devel,pkgconfig(link-grammar)
lipstick-devel,pkgconfig(lipstick)
loudmouth-devel,pkgconfig(loudmouth-1.0)
lua-devel,pkgconfig(lua)
m17n-db-devel,pkgconfig(m17n-db)
m17n-lib-devel,pkgconfig(m17n-core)
m17n-lib-devel,pkgconfig(m17n-flt)
m17n-lib-devel,pkgconfig(m17n-shell)
maliit-framework-devel,pkgconfig(maliit-framework-0.80)
maliit-framework-devel,pkgconfig(maliit-plugins-0.80)
mapplauncherd-devel,pkgconfig(qdeclarative-boostable)
mapplauncherd-devel,pkgconfig(qt-boostable)
marmazon-devel,pkgconfig(marmazon)
matchbox-panel-devel,pkgconfig(matchbox-panel)
mce-headers,pkgconfig(mce)
meego-panel-myzone-devel,pkgconfig(penge)
meego-panel-status-devel,pkgconfig(meego-panel-status)
meegotouch-applauncherd-devel,pkgconfig(meegotouch-boostable)
meegotouch-applauncherd-devel,pkgconfig(qdeclarative-boostable)
meegotouch-applauncherd-devel,pkgconfig(qt-boostable)
meegotouch-feedback-devel,pkgconfig(meegotouch-feedback)
meegotouch-feedbackreactionmaps-devel,pkgconfig(meegotouch-feedbackreactionmaps)
meegotouch-inputmethodengine-devel,pkgconfig(MeegoImEngine)
meegotouch-inputmethodframework-devel,pkgconfig(MeegoImFramework)
meegotouchcp-bluetooth-libmeegobluetooth-devel,pkgconfig(meegobluetooth)
meegotouchcp-connman-libconnman-qt-devel,pkgconfig(connman-qt)
mesa-dri-drivers-devel,pkgconfig(dri)
mesa-libEGL-devel,pkgconfig(egl)
mesa-libGL-devel,pkgconfig(gl)
mesa-libGLESv1-devel,pkgconfig(glesv1_cm)
mesa-libGLESv2-devel,pkgconfig(glesv2)
mesa-libGLU-devel,pkgconfig(glu)
mesa-libOSMesa-devel,pkgconfig(osmesa)
mesa-libOpenVG-devel,pkgconfig(vg)
min,pkgconfig(min)
min-devel,pkgconfig(min-dev)
minizip-devel,pkgconfig(minizip)
mkcal-devel,pkgconfig(libmkcal)
mlite-devel,pkgconfig(mlite)
mm-common,pkgconfig(mm-common-libstdc++)
mobile-broadband-provider-info,pkgconfig(mobile-broadband-provider-info)
mono-addins,pkgconfig(mono-addins)
mono-addins,pkgconfig(mono-addins-gui)
mono-addins,pkgconfig(mono-addins-setup)
mono-devel,pkgconfig(cecil)
mono-devel,pkgconfig(dotnet)
mono-devel,pkgconfig(dotnet35)
mono-devel,pkgconfig(mono)
mono-devel,pkgconfig(mono-cairo)
mono-devel,pkgconfig(mono-lineeditor)
mono-devel,pkgconfig(mono-options)
mono-nunit,pkgconfig(mono-nunit)
mono-wcf,pkgconfig(wcf)
mono-web,pkgconfig(mono.web)
mono-web,pkgconfig(system.web.extensions.design_1.0)
mono-web,pkgconfig(system.web.extensions_1.0)
mono-web,pkgconfig(system.web.mvc)
mono-zeroconf-devel,pkgconfig(mono-zeroconf)
monodoc-core,pkgconfig(monodoc)
mssf-certman-devel,pkgconfig(mssf-certman)
mssf-crypto-devel,pkgconfig(mssf-crypto)
mtdev-devel,pkgconfig(mtdev)
mutter-devel,pkgconfig(libmutter-private)
mutter-devel,pkgconfig(mutter-plugins)
mutter-netbook-devel,pkgconfig(meego-panel)
mx-devel,pkgconfig(mx-1.0)
mx-devel,pkgconfig(mx-gtk-1.0)
nautilus-devel,pkgconfig(libnautilus-extension)
nautilus-python-devel,pkgconfig(nautilus-python)
ncurses-devel,pkgconfig(form)
ncurses-devel,pkgconfig(formw)
ncurses-devel,pkgconfig(menu)
ncurses-devel,pkgconfig(menuw)
ncurses-devel,pkgconfig(ncurses)
ncurses-devel,pkgconfig(ncursesw)
ncurses-devel,pkgconfig(panel)
ncurses-devel,pkgconfig(panelw)
ncurses-devel,pkgconfig(tic)
ncurses-devel,pkgconfig(tinfo)
ndesk-dbus,pkgconfig(ndesk-dbus-1.0)
ndesk-dbus-glib-devel,pkgconfig(ndesk-dbus-glib-1.0)
neon-devel,pkgconfig(neon)
newt-devel,pkgconfig(libnewt)
ngfd-plugin-dev,pkgconfig(ngf-plugin)
ngfd-plugin-devel,pkgconfig(ngf-plugin)
notify-python,pkgconfig(notify-python)
notify-sharp,pkgconfig(notify-sharp)
nspr-devel,pkgconfig(nspr)
nss-devel,pkgconfig(nss)
ofono-devel,pkgconfig(ofono)
ohm-devel,pkgconfig(libohmfact)
ohm-devel,pkgconfig(libohmplugin)
ohm-devel,pkgconfig(ohm)
opal-devel,pkgconfig(opal)
openobex-devel,pkgconfig(openobex)
openssl-devel,pkgconfig(libcrypto)
openssl-devel,pkgconfig(libssl)
openssl-devel,pkgconfig(openssl)
orc-devel,pkgconfig(orc-0.4)
ots-devel,pkgconfig(libots-1)
pacrunner-devel,pkgconfig(libproxy-1.0)
pakchois-devel,pkgconfig(pakchois)
pango-devel,pkgconfig(pango)
pango-devel,pkgconfig(pangocairo)
pango-devel,pkgconfig(pangoft2)
pango-devel,pkgconfig(pangox)
pango-devel,pkgconfig(pangoxft)
pangomm-devel,pkgconfig(pangomm-1.4)
parted-devel,pkgconfig(libparted)
pciutils-devel,pkgconfig(libpci)
pcre-devel,pkgconfig(libpcre)
pcre-devel,pkgconfig(libpcrecpp)
pcre-devel,pkgconfig(libpcreposix)
pidgin-devel,pkgconfig(pidgin)
pixman-devel,pkgconfig(pixman-1)
pkcs11-helper-devel,pkgconfig(libpkcs11-helper-1)
pm-utils-devel,pkgconfig(pm-utils)
pocketsphinx-devel,pkgconfig(pocketsphinx)
polkit-devel,pkgconfig(polkit-agent-1)
polkit-devel,pkgconfig(polkit-backend-1)
polkit-devel,pkgconfig(polkit-gobject-1)
polkit-gnome-devel,pkgconfig(polkit-gtk-1)
poppler-devel,pkgconfig(poppler)
poppler-devel,pkgconfig(poppler-splash)
poppler-glib-devel,pkgconfig(poppler-cairo)
poppler-glib-devel,pkgconfig(poppler-glib)
poppler-qt-devel,pkgconfig(poppler-qt4)
popt-devel,pkgconfig(popt)
profiled-devel,pkgconfig(profile)
ptlib-devel,pkgconfig(ptlib)
pulseaudio-devel,pkgconfig(libpulse)
pulseaudio-devel,pkgconfig(libpulse-mainloop-glib)
pulseaudio-devel,pkgconfig(libpulse-simple)
pulseaudio-devel,pkgconfig(pulsecore)
pulseaudio-modules-nemo-devel,pkgconfig(libmeego-common)
pvr-bin-devel,pkgconfig(egl)
pvr-bin-devel,pkgconfig(glesv1_cm)
pvr-bin-devel,pkgconfig(glesv2)
pvr-bin-devel,pkgconfig(vg)
pycairo-devel,pkgconfig(pycairo)
pyclutter-devel,pkgconfig(pyclutter-1.0)
pyclutter-gtk-devel,pkgconfig(pyclutter-gtk-0.10)
pygobject2-devel,pkgconfig(pygobject-2.0)
pygtk2-devel,pkgconfig(pygtk-2.0)
pygtkglext-devel,pkgconfig(pygtkglext-1.0)
pygtksourceview-devel,pkgconfig(pygtksourceview-2.0)
pyorbit-devel,pkgconfig(pyorbit-2)
python-pyside-devel,pkgconfig(pyside)
qca2-devel,pkgconfig(qca2)
qjson-devel,pkgconfig(QJson)
qmf-devel,pkgconfig(qmfclient)
qmf-devel,pkgconfig(qmfmessageserver)
qmsystem-devel,pkgconfig(qmsystem2)
qpid-cpp-client-devel,pkgconfig(qpid)
qt-mobility-devel,pkgconfig(QtConnectivity)
qt-mobility-devel,pkgconfig(QtContacts)
qt-mobility-devel,pkgconfig(QtFeedback)
qt-mobility-devel,pkgconfig(QtGallery)
qt-mobility-devel,pkgconfig(QtLocation)
qt-mobility-devel,pkgconfig(QtMessaging)
qt-mobility-devel,pkgconfig(QtMultimediaKit)
qt-mobility-devel,pkgconfig(QtOrganizer)
qt-mobility-devel,pkgconfig(QtPublishSubscribe)
qt-mobility-devel,pkgconfig(QtSensors)
qt-mobility-devel,pkgconfig(QtServiceFramework)
qt-mobility-devel,pkgconfig(QtSystemInfo)
qt-mobility-devel,pkgconfig(QtVersit)
qt-mobility-devel,pkgconfig(QtVersitOrganizer)
qt-obex-ftp-library-devel,pkgconfig(obexftp)
qtgstreamer-devel,pkgconfig(QtGLib-2.0)
qtgstreamer-devel,pkgconfig(QtGStreamer-0.10)
qtgstreamer-devel,pkgconfig(QtGStreamerUi-0.10)
qtgstreamer-devel,pkgconfig(QtGStreamerUtils-0.10)
quillimagefilter-devel,pkgconfig(quillimagefilter)
rarian-devel,pkgconfig(rarian)
rest-devel,pkgconfig(rest-0.7)
rest-devel,pkgconfig(rest-extras-0.7)
rhythmbox-devel,pkgconfig(rhythmbox)
rpm-devel,pkgconfig(rpm)
rygel-devel,pkgconfig(rygel-1.0)
samba-common,pkgconfig(netapi)
samba-winbind-devel,pkgconfig(wbclient)
sane-backends-devel,pkgconfig(sane-backends)
scim-devel,pkgconfig(scim)
scim-devel,pkgconfig(scim-gtkutils)
scim-devel,pkgconfig(scim-x11utils)
sensorfw-devel,pkgconfig(sensord)
shared-mime-info,pkgconfig(shared-mime-info)
signon-digest-devel,pkgconfig(signon-digestplugin)
signon-oauth2-devel,pkgconfig(signon-oauth2plugin)
slang-devel,pkgconfig(slang)
sofia-sip-devel,pkgconfig(sofia-sip-ua)
sofia-sip-glib-devel,pkgconfig(sofia-sip-ua-glib)
soundtouch-devel,pkgconfig(libSoundTouch)
soundtouch-devel,pkgconfig(soundtouch-1.0)
soundtouch-devel,pkgconfig(soundtouch-1.4)
speex-devel,pkgconfig(speex)
speex-devel,pkgconfig(speexdsp)
sphinxbase-devel,pkgconfig(sphinxbase)
sqlite-devel,pkgconfig(sqlite3)
startup-notification-devel,pkgconfig(libstartup-notification-1.0)
swi-prolog-devel,pkgconfig(swi-prolog)
syncevolution-devel,pkgconfig(syncevolution)
syncevolution-devel,pkgconfig(synthesis)
syncevolution-devel,pkgconfig(synthesis-sdk)
syncevolution-gtk-devel,pkgconfig(syncevo-dbus)
taglib-devel,pkgconfig(taglib)
taglib-devel,pkgconfig(taglib_c)
taglib-sharp-devel,pkgconfig(taglib-sharp)
telepathy-farsight-devel,pkgconfig(telepathy-farsight)
telepathy-farstream-devel,pkgconfig(telepathy-farstream)
telepathy-glib-devel,pkgconfig(telepathy-glib)
telepathy-logger-devel,pkgconfig(telepathy-logger-0.1)
telepathy-mission-control-devel,pkgconfig(libmcclient)
telepathy-mission-control-devel,pkgconfig(mission-control)
telepathy-mission-control-devel,pkgconfig(mission-control-plugins)
telepathy-qt4-devel,pkgconfig(TelepathyQt4)
telepathy-qt4-farsight-devel,pkgconfig(TelepathyQt4Farsight)
telepathy-qt4-farstream-devel,pkgconfig(TelepathyQt4Farstream)
timed-devel,pkgconfig(timed)
timed-devel,pkgconfig(timed-voland)
totem-pl-parser-devel,pkgconfig(totem-plparser)
totem-pl-parser-devel,pkgconfig(totem-plparser-mini)
tracker-devel,pkgconfig(tracker-extract-0.14)
tracker-devel,pkgconfig(tracker-miner-0.14)
tracker-devel,pkgconfig(tracker-sparql-0.14)
transfer-ui-devel,pkgconfig(libtuiclient)
tumbler-devel,pkgconfig(tumbler-1)
twitter-glib-devel,pkgconfig(twitter-glib-1.0)
udisks-devel,pkgconfig(udisks)
unique-devel,pkgconfig(unique-1.0)
upower-devel,pkgconfig(devkit-power-gobject)
upower-devel,pkgconfig(upower-glib)
usb-moded-devel,pkgconfig(usb_moded)
usbutils,pkgconfig(usbutils)
usbutils-devel,pkgconfig(usbutils)
uuid-devel,pkgconfig(ossp-uuid)
vala-devel,pkgconfig(libvala-0.12)
vala-devel,pkgconfig(libvala-0.16)
vala-devel,pkgconfig(vapigen)
vala-devel,pkgconfig(vapigen-0.16)
valgrind-devel,pkgconfig(valgrind)
vamp-plugin-sdk-devel,pkgconfig(vamp)
vamp-plugin-sdk-devel,pkgconfig(vamp-hostsdk)
vamp-plugin-sdk-devel,pkgconfig(vamp-sdk)
vte-devel,pkgconfig(pyvte)
vte-devel,pkgconfig(vte)
wimax-tools-devel,pkgconfig(libwimaxll-0)
wimax-tools-devel,pkgconfig(libwimaxll-i2400m-0)
wimax-tools-devel,pkgconfig(wimaxll-cmd-0)
wv-devel,pkgconfig(wv-1.0)
xcb-proto,pkgconfig(xcb-proto)
xcb-util-devel,pkgconfig(xcb-atom)
xcb-util-devel,pkgconfig(xcb-aux)
xcb-util-devel,pkgconfig(xcb-event)
xcb-util-devel,pkgconfig(xcb-icccm)
xcb-util-devel,pkgconfig(xcb-image)
xcb-util-devel,pkgconfig(xcb-keysyms)
xcb-util-devel,pkgconfig(xcb-property)
xcb-util-devel,pkgconfig(xcb-renderutil)
xcb-util-devel,pkgconfig(xcb-reply)
xmlrpc-c-devel,pkgconfig(xmlrpc)
xmlrpc-c-devel,pkgconfig(xmlrpc++)
xmlrpc-c-devel,pkgconfig(xmlrpc_abyss)
xmlrpc-c-devel,pkgconfig(xmlrpc_client)
xmlrpc-c-devel,pkgconfig(xmlrpc_client++)
xmlrpc-c-devel,pkgconfig(xmlrpc_cpp)
xmlrpc-c-devel,pkgconfig(xmlrpc_packetsocket)
xmlrpc-c-devel,pkgconfig(xmlrpc_server)
xmlrpc-c-devel,pkgconfig(xmlrpc_server++)
xmlrpc-c-devel,pkgconfig(xmlrpc_server_abyss)
xmlrpc-c-devel,pkgconfig(xmlrpc_server_abyss++)
xmlrpc-c-devel,pkgconfig(xmlrpc_server_cgi)
xmlrpc-c-devel,pkgconfig(xmlrpc_server_cgi++)
xmlrpc-c-devel,pkgconfig(xmlrpc_server_pstream++)
xmlrpc-c-devel,pkgconfig(xmlrpc_util)
xorg-x11-drv-evdev-devel,pkgconfig(xorg-evdev)
xorg-x11-drv-joystick-devel,pkgconfig(xorg-joystick)
xorg-x11-drv-synaptics-devel,pkgconfig(xorg-synaptics)
xorg-x11-drv-wacom-devel,pkgconfig(xorg-wacom)
xorg-x11-font-utils,pkgconfig(fontutil)
xorg-x11-proto-bigreqsproto,pkgconfig(bigreqsproto)
xorg-x11-proto-compositeproto,pkgconfig(compositeproto)
xorg-x11-proto-damageproto,pkgconfig(damageproto)
xorg-x11-proto-dmxproto,pkgconfig(dmxproto)
xorg-x11-proto-dri2proto,pkgconfig(dri2proto)
xorg-x11-proto-evieext,pkgconfig(evieproto)
xorg-x11-proto-fixesproto,pkgconfig(fixesproto)
xorg-x11-proto-fontcacheproto,pkgconfig(fontcacheproto)
xorg-x11-proto-fontsproto,pkgconfig(fontsproto)
xorg-x11-proto-glproto,pkgconfig(glproto)
xorg-x11-proto-inputproto,pkgconfig(inputproto)
xorg-x11-proto-kbproto,pkgconfig(kbproto)
xorg-x11-proto-randrproto,pkgconfig(randrproto)
xorg-x11-proto-recordproto,pkgconfig(recordproto)
xorg-x11-proto-renderproto,pkgconfig(renderproto)
xorg-x11-proto-resourceproto,pkgconfig(resourceproto)
xorg-x11-proto-scrnsaverproto,pkgconfig(scrnsaverproto)
xorg-x11-proto-trapproto,pkgconfig(trapproto)
xorg-x11-proto-videoproto,pkgconfig(videoproto)
xorg-x11-proto-xcmiscproto,pkgconfig(xcmiscproto)
xorg-x11-proto-xextproto,pkgconfig(xextproto)
xorg-x11-proto-xf86bigfontproto,pkgconfig(xf86bigfontproto)
xorg-x11-proto-xf86dgaproto,pkgconfig(xf86dgaproto)
xorg-x11-proto-xf86driproto,pkgconfig(xf86driproto)
xorg-x11-proto-xf86miscproto,pkgconfig(xf86miscproto)
xorg-x11-proto-xf86rushproto,pkgconfig(xf86rushproto)
xorg-x11-proto-xf86vidmodeproto,pkgconfig(xf86vidmodeproto)
xorg-x11-proto-xineramaproto,pkgconfig(xineramaproto)
xorg-x11-proto-xproto,pkgconfig(xproto)
xorg-x11-proto-xproxymanagementprotocol,pkgconfig(xproxymngproto)
xorg-x11-server-devel,pkgconfig(xorg-server)
xorg-x11-util-macros,pkgconfig(xorg-macros)
xorg-x11-xbitmaps,pkgconfig(xbitmaps)
xorg-x11-xtrans-devel,pkgconfig(xtrans)
xserver-policy-enforcement-devel,pkgconfig(videoipc)
xz-devel,pkgconfig(liblzma)
zlib-devel,pkgconfig(zlib)
zvbi-devel,pkgconfig(zvbi-0.2)
